Model,Segment,Precision,Recall,F1-Score,Support,CV_Accuracy,Test_Accuracy
Decision Tree,Lost / Inactive,0.9782608695652174,0.9230769230769231,0.9498680738786279,195.0,0.9763688760806915,0.9711981566820277
Decision Tree,Loyal Customers,0.977859778597786,0.9851301115241635,0.9814814814814815,269.0,0.9763688760806915,0.9711981566820277
Decision Tree,Potential Loyalists,0.9636803874092009,0.9851485148514851,0.9742962056303549,404.0,0.9763688760806915,0.9711981566820277
Random Forest,Lost / Inactive,0.984375,0.9692307692307692,0.9767441860465116,195.0,0.9899135446685878,0.9861751152073732
Random Forest,Loyal Customers,0.9962406015037594,0.9851301115241635,0.9906542056074766,269.0,0.9899135446685878,0.9861751152073732
Random Forest,Potential Loyalists,0.9804878048780488,0.995049504950495,0.9877149877149877,404.0,0.9899135446685878,0.9861751152073732
K-Nearest Neighbour,Lost / Inactive,0.9790575916230366,0.958974358974359,0.9689119170984456,195.0,0.9729106628242075,0.9769585253456221
K-Nearest Neighbour,Loyal Customers,0.9814814814814815,0.9851301115241635,0.9833024118738405,269.0,0.9729106628242075,0.9769585253456221
K-Nearest Neighbour,Potential Loyalists,0.972972972972973,0.9801980198019802,0.9765721331689272,404.0,0.9729106628242075,0.9769585253456221
